{
  "br": {
    "outOfDate": "O seu navegador est&aacute; desatualizado!",
    "update": {
      "web": "Atualize o seu navegador para ter uma melhor experi&ecirc;ncia e visualiza&ccedil;&atilde;o deste site. ",
      "googlePlay": "Please install Chrome from Google Play",
      "appStore": "Please update iOS from the Settings App"
    },
    "url": "http://outdatedbrowser.com/br",
    "callToAction": "Atualize o seu navegador agora",
    "close": "Fechar"
  },
  "ca": {
    "outOfDate": "El vostre navegador no està actualitzat!",
    "update": {
      "web": "Actualitzeu el vostre navegador per veure correctament aquest lloc web. ",
      "googlePlay": "Instal·leu Chrome des de Google Play",
      "appStore": "Actualitzeu iOS des de l'aplicació Configuració"
    },
    "url": "http://outdatedbrowser.com/es",
    "callToAction": "Actualitzar el meu navegador ara",
    "close": "Tancar"
  },
  "cn": {
    "outOfDate": "您的浏览器已过时",
    "update": {
      "web": "要正常浏览本网站请升级您的浏览器。",
      "googlePlay": "Please install Chrome from Google Play",
      "appStore": "Please update iOS from the Settings App"
    },
    "url": "http://outdatedbrowser.com/cn",
    "callToAction": "现在升级",
    "close": "关闭"
  },
  "cz": {
    "outOfDate": "Váš prohlížeč je zastaralý!",
    "update": {
      "web": "Pro správné zobrazení těchto stránek aktualizujte svůj prohlížeč. ",
      "googlePlay": "Nainstalujte si Chrome z Google Play",
      "appStore": "Aktualizujte si systém iOS"
    },
    "url": "http://outdatedbrowser.com/cz",
    "callToAction": "Aktualizovat nyní svůj prohlížeč",
    "close": "Zavřít"
  },
   "da": {
    "outOfDate": "Din browser er forældet!",
    "update": {
      "web": "Opdatér din browser for at få vist denne hjemmeside korrekt. ",
      "googlePlay": "Installér venligst Chrome fra Google Play",
      "appStore": "Opdatér venligst iOS"
    },
    "url": "http://outdatedbrowser.com/da",
    "callToAction": "Opdatér din browser nu",
    "close": "Luk"
  },
  "de": {
    "outOfDate": "Ihr Browser ist veraltet!",
    "update": {
      "web": "Bitte aktualisieren Sie Ihren Browser, um diese Website korrekt darzustellen. ",
      "googlePlay": "Please install Chrome from Google Play",
      "appStore": "Please update iOS from the Settings App"
    },
    "url": "http://outdatedbrowser.com/de",
    "callToAction": "Den Browser jetzt aktualisieren ",
    "close": "Schließen"
  },
  "ee": {
    "outOfDate": "Sinu veebilehitseja on vananenud!",
    "update": {
      "web": "Palun uuenda oma veebilehitsejat, et näha lehekülge korrektselt. ",
      "googlePlay": "Please install Chrome from Google Play",
      "appStore": "Please update iOS from the Settings App"
    },
    "url": "http://outdatedbrowser.com/ee",
    "callToAction": "Uuenda oma veebilehitsejat kohe",
    "close": "Sulge"
  },
  "en": {
    "outOfDate": "Your browser is out-of-date!",
    "update": {
      "web": "Update your browser to view this website correctly. ",
      "googlePlay": "Please install Chrome from Google Play",
      "appStore": "Please update iOS from the Settings App"
    },
    "url": "http://outdatedbrowser.com/",
    "callToAction": "Update my browser now",
    "close": "Close"
  },
  "es": {
    "outOfDate": "¡Tu navegador está anticuado!",
    "update": {
      "web": "Actualiza tu navegador para ver esta página correctamente. ",
      "googlePlay": "Please install Chrome from Google Play",
      "appStore": "Please update iOS from the Settings App"
    },
    "url": "http://outdatedbrowser.com/es",
    "callToAction": "Actualizar mi navegador ahora",
    "close": "Cerrar"
  },
  "fa": {
    "rightToLeft": true,
    "outOfDate": "مرورگر شما منسوخ شده است!",
    "update": {
      "web": "جهت مشاهده صحیح این وبسایت، مرورگرتان را بروز رسانی نمایید. ",
      "googlePlay": "Please install Chrome from Google Play",
      "appStore": "Please update iOS from the Settings App"
    },
    "url": "http://outdatedbrowser.com/",
    "callToAction": "همین حالا مرورگرم را بروز کن",
    "close": "Close"
  },
  "fi": {
    "outOfDate": "Selaimesi on vanhentunut!",
    "update": {
      "web": "Lataa ajantasainen selain n&auml;hd&auml;ksesi t&auml;m&auml;n sivun oikein. ",
      "googlePlay": "Asenna uusin Chrome Google Play -kaupasta",
      "appStore": "Päivitä iOS puhelimesi asetuksista"
    },
    "url": "http://outdatedbrowser.com/fi",
    "callToAction": "P&auml;ivit&auml; selaimeni nyt ",
    "close": "Sulje"
  },
  "fr": {
    "outOfDate": "Votre navigateur n'est plus compatible !",
    "update": {
      "web": "Mettez à jour votre navigateur pour afficher correctement ce site Web. ",
      "googlePlay": "Merci d'installer Chrome depuis le Google Play Store",
      "appStore": "Merci de mettre à jour iOS depuis l'application Réglages"
    },
    "url": "http://outdatedbrowser.com/fr",
    "callToAction": "Mettre à jour maintenant ",
    "close": "Fermer"
  },
  "hu": {
    "outOfDate": "A böngészője elavult!",
    "update": {
      "web": "Firssítse vagy cserélje le a böngészőjét. ",
      "googlePlay": "Please install Chrome from Google Play",
      "appStore": "Please update iOS from the Settings App"
    },
    "url": "http://outdatedbrowser.com/hu",
    "callToAction": "A böngészőm frissítése ",
    "close": "Close"
  },
  "id":{
    "outOfDate": "Browser yang Anda gunakan sudah ketinggalan zaman!",
    "update": {
      "web": "Perbaharuilah browser Anda agar bisa menjelajahi website ini dengan nyaman. ",
      "googlePlay": "Please install Chrome from Google Play",
      "appStore": "Please update iOS from the Settings App"
    },
    "url": "http://outdatedbrowser.com/",
    "callToAction": "Perbaharui browser sekarang ",
    "close": "Close"
  },
  "it": {
    "outOfDate": "Il tuo browser non &egrave; aggiornato!",
    "update": {
      "web": "Aggiornalo per vedere questo sito correttamente. ",
      "googlePlay": "Please install Chrome from Google Play",
      "appStore": "Please update iOS from the Settings App"
    },
    "url": "http://outdatedbrowser.com/it",
    "callToAction": "Aggiorna ora",
    "close": "Chiudi"
  },
  "lt":{
    "outOfDate": "Jūsų naršyklės versija yra pasenusi!",
    "update": {
      "web": "Atnaujinkite savo naršyklę, kad galėtumėte peržiūrėti šią svetainę tinkamai. ",
      "googlePlay": "Please install Chrome from Google Play",
      "appStore": "Please update iOS from the Settings App"
    },
    "url": "http://outdatedbrowser.com/",
    "callToAction": "Atnaujinti naršyklę ",
    "close": "Close"
  },
  "nl": {
    "outOfDate": "Je gebruikt een oude browser!",
    "update": {
      "web": "Update je browser om deze website correct te bekijken. ",
      "googlePlay": "Please install Chrome from Google Play",
      "appStore": "Please update iOS from the Settings App"
    },
    "url": "http://outdatedbrowser.com/nl",
    "callToAction": "Update mijn browser nu ",
    "close": "Sluiten"
  },
  "pl": {
    "outOfDate": "Twoja przeglądarka jest przestarzała!",
    "update": {
      "web": "Zaktualizuj swoją przeglądarkę, aby poprawnie wyświetlić tę stronę. ",
      "googlePlay": "Please install Chrome from Google Play",
      "appStore": "Please update iOS from the Settings App"
    },
    "url": "http://outdatedbrowser.com/pl",
    "callToAction": "Zaktualizuj przeglądarkę już teraz",
    "close": "Close"
  },
  "pt": {
    "outOfDate": "O seu browser est&aacute; desatualizado!",
    "update": {
      "web": "Atualize o seu browser para ter uma melhor experi&ecirc;ncia e visualiza&ccedil;&atilde;o deste site. ",
      "googlePlay": "Please install Chrome from Google Play",
      "appStore": "Please update iOS from the Settings App"
    },
    "url": "http://outdatedbrowser.com/pt",
    "callToAction": "Atualize o seu browser agora",
    "close": "Fechar"
  },
  "ro": {
    "outOfDate": "Browserul este învechit!",
    "update": {
      "web": "Actualizați browserul pentru a vizualiza corect acest site. ",
      "googlePlay": "Please install Chrome from Google Play",
      "appStore": "Please update iOS from the Settings App"
    },
    "url": "http://outdatedbrowser.com/",
    "callToAction": "Actualizați browserul acum!",
    "close": "Close"
  },
  "ru": {
    "outOfDate": "Ваш браузер устарел!",
    "update": {
      "web": "Обновите ваш браузер для правильного отображения этого сайта. ",
      "googlePlay": "Please install Chrome from Google Play",
      "appStore": "Please update iOS from the Settings App"
    },
    "url": "http://outdatedbrowser.com/ru",
    "callToAction": "Обновить мой браузер ",
    "close": "Закрыть"
  },
  "si": {
    "outOfDate": "Vaš brskalnik je zastarel!",
    "update": {
      "web": "Za pravilen prikaz spletne strani posodobite vaš brskalnik. ",
      "googlePlay": "Please install Chrome from Google Play",
      "appStore": "Please update iOS from the Settings App"
    },
    "url": "http://outdatedbrowser.com/si",
    "callToAction": "Posodobi brskalnik ",
    "close": "Zapri"
  },
  "sv": {
    "outOfDate": "Din webbläsare stödjs ej längre!",
    "update": {
      "web": "Uppdatera din webbläsare för att webbplatsen ska visas korrekt. ",
      "googlePlay": "Please install Chrome from Google Play",
      "appStore": "Please update iOS from the Settings App"
    },
    "url": "http://outdatedbrowser.com/",
    "callToAction": "Uppdatera min webbläsare nu",
    "close": "Stäng"
  },
  "ua": {
    "outOfDate": "Ваш браузер застарів!",
    "update": {
      "web": "Оновіть ваш браузер для правильного відображення цього сайта. ",
      "googlePlay": "Please install Chrome from Google Play",
      "appStore": "Please update iOS from the Settings App"
    },
    "url": "http://outdatedbrowser.com/ua",
    "callToAction": "Оновити мій браузер ",
    "close": "Закрити"
  }
}
